TYPE,Number of Respondents,None,Very Little,Some,About Half,Most,Almost All,Mean
ALL,330,85.15151515151516,7.575757575757576,2.1212121212121215,1.5151515151515151,1.5151515151515151,2.1212121212121215,4.818181818181818
By County,,,,,,,,
Oahu,116,83.62068965517241,7.758620689655173,0.8620689655172413,3.4482758620689653,1.7241379310344827,2.586206896551724,6.077586206896552
Hawaii,122,81.9672131147541,9.01639344262295,4.918032786885246,0.819672131147541,0.819672131147541,2.459016393442623,5.040983606557377
Maui,51,92.15686274509804,3.9215686274509802,0,0,3.9215686274509802,0,3.1372549019607843
Kauai,39,92.3076923076923,5.128205128205128,0,0,0,2.564102564102564,2.6923076923076925
By Primary Fishing Motivation,,,,,,,,
Recreational Expense,99,83.83838383838383,7.07070707070707,0,3.0303030303030303,3.0303030303030303,3.0303030303030303,7.02020202020202
Part-Time Commercial,92,82.6086956521739,8.695652173913043,6.521739130434782,0,1.0869565217391304,1.0869565217391304,3.9130434782608696
Subsistence,49,89.79591836734694,4.081632653061225,2.0408163265306123,2.0408163265306123,2.0408163265306123,0,3.2653061224489797
Full-Time Commercial,33,90.9090909090909,9.090909090909092,0,0,0,0,0.45454545454545453
Purely Recreational,25,76,12,0,0,0,12,12
Cultural,4,100,0,0,0,0,0,0
By Most Common Gear,,,,,,,,
Troll,178,79.7752808988764,8.98876404494382,2.8089887640449436,2.8089887640449436,2.247191011235955,3.3707865168539324,7.443820224719101
Bait for Pelagic,45,95.55555555555556,2.2222222222222223,2.2222222222222223,0,0,0,0.6666666666666666
HL for Deep7 deep,48,89.58333333333334,8.333333333333332,2.083333333333333,0,0,0,0.9375
HL for Deep7 shallow,28,92.85714285714286,3.571428571428571,0,0,3.571428571428571,0,2.857142857142857
Spear,6,100,0,0,0,0,0,0
By Sub-fishery,,,,,,,,
Pelagic,315,84.44444444444444,7.936507936507936,2.2222222222222223,1.5873015873015872,1.5873015873015872,2.2222222222222223,5.0476190476190474
Deep7 Bottom,191,85.34031413612566,8.37696335078534,2.6178010471204187,1.0471204188481675,0,2.6178010471204187,4.0837696335078535
Non-Deep7 Bottom,193,83.93782383419689,9.844559585492227,2.072538860103627,1.5544041450777202,1.5544041450777202,1.0362694300518136,3.937823834196891
Coral Reef,53,84.90566037735849,5.660377358490567,3.7735849056603774,1.8867924528301887,1.8867924528301887,1.8867924528301887,5.377358490566038
