TYPE,Number of Respondents,None,Very Little,Some,About Half,Most,Almost All,Mean
ALL,81,93.82716049382715,1.2345679012345678,2.4691358024691357,0,1.2345679012345678,1.2345679012345678,2.567901234567901
By County,,,,,,,,
Oahu,30,93.33333333333333,3.3333333333333335,0,0,3.3333333333333335,0,2.5
Hawaii,28,100,0,0,0,0,0,0
Maui,16,81.25,0,12.5,0,0,6.25,8.3125
Kauai,7,100,0,0,0,0,0,0
By Primary Fishing Motivation,,,,,,,,
Recreational Expense,16,100,0,0,0,0,0,0
Part-Time Commercial,24,95.83333333333334,4.166666666666666,0,0,0,0,0.20833333333333334
Subsistence,14,85.71428571428571,0,7.142857142857142,0,7.142857142857142,0,6.428571428571429
Full-Time Commercial,7,100,0,0,0,0,0,0
Purely Recreational,4,100,0,0,0,0,0,0
Cultural,3,100,0,0,0,0,0,0
By Most Common Gear,,,,,,,,
Troll,39,94.87179487179486,0,2.564102564102564,0,2.564102564102564,0,2.3076923076923075
Bait for Pelagic,11,100,0,0,0,0,0,0
HL for Deep7 deep,22,86.36363636363636,4.545454545454546,4.545454545454546,0,0,4.545454545454546,5.363636363636363
HL for Deep7 shallow,4,100,0,0,0,0,0,0
Spear,,,,,,,,
By Sub-fishery,,,,,,,,
Pelagic,78,93.58974358974359,1.282051282051282,2.564102564102564,0,1.282051282051282,1.282051282051282,2.6666666666666665
Deep7 Bottom,63,93.65079365079364,1.5873015873015872,1.5873015873015872,0,1.5873015873015872,1.5873015873015872,2.984126984126984
Non-Deep7 Bottom,61,93.44262295081968,1.639344262295082,3.278688524590164,0,1.639344262295082,0,1.7704918032786885
Coral Reef,26,96.15384615384616,0,3.8461538461538463,0,0,0,0.5
